{
  "condition": "gradient",
  "xargs": {},
  "n_pairs": 50,
  "model": "glm-5-1-fp8",
  "endpoint": "/v1/saliency",
  "deployment": "prepilot-vllm-lens-grad",
  "toxic": {
    "n_total": 50,
    "n_success": 50,
    "n_error": 0,
    "success_rate": 1.0,
    "wall_seconds": {
      "n": 50,
      "min": 3.5146957910000083,
      "median": 5.560628458000011,
      "mean": 5.942972749940002,
      "max": 15.129459542,
      "stdev": 2.2115399732570578
    },
    "payload_bytes": {
      "n": 50,
      "min": 12808.0,
      "median": 12902.0,
      "mean": 12902.56,
      "max": 13024.0,
      "stdev": 47.882577462891405
    },
    "errors_sample": [],
    "loss": {
      "n": 50,
      "min": 5.960464477539062e-07,
      "median": 0.03369140625,
      "mean": 0.1432455325126648,
      "max": 0.66796875,
      "stdev": 0.2056420468048975
    },
    "fwd_seconds": {
      "n": 50,
      "min": 2.3067269325256348,
      "median": 3.9620522260665894,
      "mean": 4.248476591110229,
      "max": 11.471790552139282,
      "stdev": 1.7506939960633447
    },
    "bwd_seconds": {
      "n": 50,
      "min": 0.4680185317993164,
      "median": 0.8760286569595337,
      "mean": 0.9719951629638672,
      "max": 2.591254472732544,
      "stdev": 0.4209992130840952
    }
  },
  "benign": {
    "n_total": 50,
    "n_success": 50,
    "n_error": 0,
    "success_rate": 1.0,
    "wall_seconds": {
      "n": 50,
      "min": 3.3757721669999796,
      "median": 4.718714728999998,
      "mean": 5.0776773933399975,
      "max": 9.723178749999988,
      "stdev": 1.4686655262434734
    },
    "payload_bytes": {
      "n": 50,
      "min": 12756.0,
      "median": 12874.0,
      "mean": 12871.92,
      "max": 12984.0,
      "stdev": 57.50451268893457
    },
    "errors_sample": [],
    "loss": {
      "n": 50,
      "min": -0.0,
      "median": 0.0079193115234375,
      "mean": 0.11867441415786743,
      "max": 0.7890625,
      "stdev": 0.2025849183256734
    },
    "fwd_seconds": {
      "n": 50,
      "min": 2.224187135696411,
      "median": 3.2387068271636963,
      "mean": 3.5354310607910158,
      "max": 7.361281394958496,
      "stdev": 1.1818734041543772
    },
    "bwd_seconds": {
      "n": 50,
      "min": 0.5134832859039307,
      "median": 0.7581636905670166,
      "mean": 0.8486057949066163,
      "max": 1.6880717277526855,
      "stdev": 0.28643487027834214
    }
  }
}