{
  "n_prompts": 100,
  "total_norm_mean": 0.30180204723282616,
  "total_norm_std": 0.5130705123263392,
  "max_token_norm_mean": 0.3018020565278171,
  "max_token_norm_std": 0.5130705290970158,
  "mean_token_norm_mean": 0.01188280599243421,
  "mean_token_norm_std": 0.023931644259534802,
  "per_prompt_total_norms": [
    1.771291732788086,
    0.5830390453338623,
    0.2690970003604889,
    0.0005450235330499709,
    0.33922916650772095,
    0.044870033860206604,
    0.00077100342605263,
    9.316992873209529e-06,
    0.3756658732891083,
    1.6696007251739502,
    0.05578392744064331,
    0.10136422514915466,
    0.09373974055051804,
    0.4145139157772064,
    0.06831636279821396,
    0.12078449130058289,
    0.40976476669311523,
    0.0003324307326693088,
    9.096486792259384e-06,
    2.1803629398345947,
    1.9142842292785645,
    0.001533286296762526,
    0.020814787596464157,
    0.03577128425240517,
    0.09024418145418167,
    0.058527927845716476,
    0.2646360695362091,
    0.6151851415634155,
    0.0617380328476429,
    0.05291098728775978,
    0.19373439252376556,
    0.018995918333530426,
    0.21170392632484436,
    0.009135994128882885,
    0.21848949790000916,
    0.5212200880050659,
    0.5009124875068665,
    0.007661891635507345,
    2.009800482483115e-06,
    7.720159919699654e-05,
    0.11941630393266678,
    1.2124373824917711e-05,
    0.007245700340718031,
    0.12376107275485992,
    0.4403955340385437,
    0.002471600193530321,
    0.03630965203046799,
    0.00019674235954880714,
    0.02414095029234886,
    0.1465100347995758,
    1.2102640539524145e-05,
    0.001709857489913702,
    0.5603551864624023,
    8.605051107224426e-07,
    0.006424040999263525,
    0.7559630274772644,
    0.00781286507844925,
    0.0018330877646803856,
    0.043763503432273865,
    1.0322802066802979,
    0.04782169684767723,
    0.7178745865821838,
    5.0504066166467965e-05,
    0.23624461889266968,
    0.3166820704936981,
    0.6309840083122253,
    1.979648470878601,
    0.1793040633201599,
    0.9796308279037476,
    0.6213375329971313,
    0.0030245340894907713,
    0.001038204412907362,
    0.0012574053835123777,
    9.283097460865974e-05,
    0.2765862047672272,
    0.261385053396225,
    0.8860887289047241,
    4.045643436256796e-05,
    4.898124643659685e-07,
    0.0004980724188499153,
    0.6676393747329712,
    0.004387055058032274,
    0.0006940445746295154,
    0.2848413288593292,
    0.0007399161695502698,
    0.03737415745854378,
    0.03593437746167183,
    0.18108518421649933,
    1.1559501886367798,
    0.0003228614223189652,
    1.6914478540420532,
    2.0469771300213324e-07,
    3.230104994145222e-06,
    0.0415140725672245,
    2.155221700668335,
    0.07519235461950302,
    0.06750208139419556,
    0.01958082988858223,
    0.007293811999261379,
    0.006605126429349184
  ],
  "per_prompt_max_token_norms": [
    1.771291732788086,
    0.5830390453338623,
    0.2690970003604889,
    0.0005450235912576318,
    0.33922919631004333,
    0.0448700375854969,
    0.0007710034842602909,
    9.31699378270423e-06,
    0.37566590309143066,
    1.6696008443832397,
    0.05578392744064331,
    0.10136422514915466,
    0.09373974055051804,
    0.4145139455795288,
    0.06831636279821396,
    0.12078449875116348,
    0.4097647964954376,
    0.0003324307326693088,
    9.096487701754086e-06,
    2.1803629398345947,
    1.9142842292785645,
    0.001533286296762526,
    0.020814789459109306,
    0.035771287977695465,
    0.09024418145418167,
    0.058527927845716476,
    0.2646360695362091,
    0.6151851415634155,
    0.0617380365729332,
    0.05291098728775978,
    0.19373439252376556,
    0.018995918333530426,
    0.21170392632484436,
    0.009135994128882885,
    0.21848951280117035,
    0.5212201476097107,
    0.5009124875068665,
    0.0076618921011686325,
    2.009800482483115e-06,
    7.720160647295415e-05,
    0.11941630393266678,
    1.2124373824917711e-05,
    0.007245700806379318,
    0.12376107275485992,
    0.4403955340385437,
    0.0024716004263609648,
    0.03630965203046799,
    0.00019674235954880714,
    0.02414095029234886,
    0.146510049700737,
    1.2102641449018847e-05,
    0.001709857489913702,
    0.5603551864624023,
    8.605051675658615e-07,
    0.006424040999263525,
    0.7559630870819092,
    0.00781286507844925,
    0.0018330879975110292,
    0.04376350715756416,
    1.0322802066802979,
    0.04782169684767723,
    0.7178745865821838,
    5.0504066166467965e-05,
    0.23624461889266968,
    0.3166820704936981,
    0.6309840083122253,
    1.9796485900878906,
    0.17930404841899872,
    0.9796308279037476,
    0.6213375329971313,
    0.003024534322321415,
    0.001038204412907362,
    0.0012574054999276996,
    9.283097460865974e-05,
    0.27658623456954956,
    0.26138508319854736,
    0.8860887289047241,
    4.045643436256796e-05,
    4.898124643659685e-07,
    0.0004980724188499153,
    0.667639434337616,
    0.004387055058032274,
    0.0006940445746295154,
    0.2848413586616516,
    0.0007399161695502698,
    0.03737415745854378,
    0.03593438118696213,
    0.18108518421649933,
    1.1559501886367798,
    0.00032286145142279565,
    1.6914478540420532,
    2.0469771300213324e-07,
    3.230104994145222e-06,
    0.0415140762925148,
    2.155221939086914,
    0.07519236207008362,
    0.06750208884477615,
    0.01958083175122738,
    0.007293811999261379,
    0.006605126429349184
  ],