{
  "condition": "routing",
  "xargs": {
    "output_routing": [
      3,
      4,
      5,
      6,
      7,
      8,
      9,
      10,
      11,
      12,
      13,
      14,
      15,
      16,
      17,
      18,
      19,
      20,
      21,
      22,
      23,
      24,
      25,
      26,
      27,
      28,
      29,
      30,
      31,
      32,
      33,
      34,
      35,
      36,
      37,
      38,
      39,
      40,
      41,
      42,
      43,
      44,
      45,
      46,
      47,
      48,
      49,
      50,
      51,
      52,
      53,
      54,
      55,
      56,
      57,
      58,
      59,
      60,
      61,
      62,
      63,
      64,
      65,
      66,
      67,
      68,
      69,
      70,
      71,
      72,
      73,
      74,
      75,
      76,
      77
    ]
  },
  "n_pairs": 50,
  "model": "glm-5-1-fp8",
  "toxic": {
    "n_total": 50,
    "n_success": 50,
    "n_error": 0,
    "success_rate": 1.0,
    "wall_seconds": {
      "n": 50,
      "min": 2.0767990420000046,
      "median": 10.934220062499989,
      "mean": 10.5803775875,
      "max": 11.466431082999975,
      "stdev": 1.5817298686155037
    },
    "payload_bytes": {
      "n": 50,
      "min": 83600.0,
      "median": 159854.0,
      "mean": 204067.68,
      "max": 743516.0,
      "stdev": 134040.1471867839
    },
    "errors_sample": []
  },
  "benign": {
    "n_total": 50,
    "n_success": 50,
    "n_error": 0,
    "success_rate": 1.0,
    "wall_seconds": {
      "n": 50,
      "min": 4.21817287500005,
      "median": 11.233132291499942,
      "mean": 10.985176732460006,
      "max": 11.604486374999965,
      "stdev": 1.047887059795494
    },
    "payload_bytes": {
      "n": 50,
      "min": 82416.0,
      "median": 118232.0,
      "mean": 144326.88,
      "max": 396856.0,
      "stdev": 66822.62747176441
    },
    "errors_sample": []
  }
}